event_id,campaign_id,account_id,channel,event_type,occurred_at
fbf1cc63-4417-4052-8929-b4aea38a1796,campaign_abc,acc_001,display,impression,2026-01-18 23:06:43
8217a41c-7c96-4a2a-85fe-12cdd3435389,campaign_abc,acc_019,search,impression,2026-01-12 06:14:32
12bc7bdc-9f90-44f3-af47-4e61e5017a91,campaign_abc,acc_018,linkedin,click,2026-03-31 17:26:14
362221f1-1cba-4485-b2e5-da12a0b5782f,campaign_jkl,acc_019,display,click,2026-01-01 05:44:27
20cf300f-eac0-4718-8ff4-f3c0b72ac723,campaign_ghi,acc_009,linkedin,impression,2026-02-13 03:05:24
25ad08af-59ca-449d-ab93-7abf152ac010,campaign_abc,acc_012,display,impression,2026-01-06 23:29:34
1fef9b0e-fbb0-43a0-848e-f26cf79c47d1,campaign_abc,acc_013,email,impression,2026-03-22 19:56:55
c13454a0-ff11-4550-8163-05c79d06dd33,campaign_ghi,acc_019,linkedin,click,2026-01-06 21:14:49
ea047077-749d-4f80-9c64-3aed788ae305,campaign_ghi,acc_003,linkedin,click,2026-02-18 08:29:40
7a0e895c-42f8-4dc1-bf54-c7981564b3e6,campaign_ghi,acc_006,display,impression,2026-03-27 08:44:59
dcfa84fd-5517-421a-995a-0ecb9258814b,campaign_abc,acc_020,linkedin,impression,2026-02-01 05:29:24
b7e10208-4f02-41cf-8ac0-c5df9521b3e4,campaign_ghi,acc_018,linkedin,impression,2026-01-08 07:52:02
aae6a2be-e7c1-4313-95c4-2480f7359424,campaign_ghi,acc_013,display,impression,2026-03-14 22:20:13
5daa932f-6108-4887-af51-bf7af6ce15be,campaign_jkl,acc_013,search,impression,2026-01-18 07:47:35
2909d634-f06d-47d7-8f32-4150a1d6b4e5,campaign_ghi,acc_019,search,click,2026-02-21 11:14:08
872ea5bd-d58f-4d06-a7fb-42c576ed6c7a,campaign_jkl,acc_003,email,click,2026-01-20 20:10:50
0bf4deae-4252-42d5-a7e4-c84190e2ba24,campaign_jkl,acc_020,email,impression,2026-03-18 14:33:16
d349ce9a-34cb-41b3-b101-91126f20d3ef,campaign_abc,acc_004,display,click,2026-02-13 03:18:27
cba601ab-509c-42ce-bf18-086feb2e0c25,campaign_def,acc_015,email,conversion,2026-02-03 16:48:11
0a0257ad-1cb6-4095-80ec-32a3257976ca,campaign_abc,acc_010,linkedin,impression,2026-01-21 17:49:59
6afaf7eb-edff-4a96-a41d-067131c4c6f1,campaign_abc,acc_020,display,impression,2026-01-15 11:56:53
09a59487-24a4-47fb-b2b7-257a7de9b1db,campaign_ghi,acc_008,email,impression,2026-03-14 02:05:46
c9dbb91e-27af-45ea-a180-839dd2475845,campaign_jkl,acc_003,linkedin,impression,2026-03-02 17:10:16
5c24f230-7f5e-4d87-90f2-59956bd23422,campaign_jkl,acc_007,linkedin,click,2026-02-21 21:41:23
09d50963-b550-4777-a99c-699d6bfeb016,campaign_jkl,acc_017,search,impression,2026-01-29 02:21:01
a9843fbc-262b-4734-a5f0-84d17490fc72,campaign_def,acc_019,linkedin,impression,2026-03-22 01:14:04
9924b723-bd8d-463d-805e-fc505b47c0dc,campaign_abc,acc_011,email,impression,2026-02-05 21:31:13
0238ddb4-f154-46fd-8aa9-d78ba1c67bf2,campaign_def,acc_019,search,impression,2026-03-02 13:12:06
4d607c5f-22c2-4b84-8ee2-02339ff95692,campaign_abc,acc_014,display,impression,2026-03-01 23:03:43
df184bb8-42cb-4617-ad00-9f165aa0654e,campaign_abc,acc_002,search,click,2026-01-14 07:12:12
5d3677f3-0125-4222-a71c-f56765854f18,campaign_jkl,acc_005,search,impression,2026-03-01 07:55:59
8aa1023f-b418-4bed-885e-f271917fe5f6,campaign_abc,acc_015,email,impression,2026-03-11 00:05:59
288e107f-096c-4163-9a1f-4d8dd8c79dc7,campaign_def,acc_006,search,impression,2026-01-28 12:57:03
ca6c9fed-e198-4263-af88-7585298ad7fe,campaign_def,acc_013,email,conversion,2026-02-03 14:18:27
b0883e44-af9d-4697-981b-57ca18cde2a1,campaign_jkl,acc_005,linkedin,impression,2026-01-08 18:47:34
3498df29-b863-415a-adce-e14f78d1db6e,campaign_abc,acc_011,email,impression,2026-03-03 16:58:54
dd6baef2-0dda-4f96-bdf7-5c1788a03768,campaign_def,acc_002,email,click,2026-01-09 19:04:43
1a00b1b6-3701-4ceb-8bde-0811b50d7c13,campaign_def,acc_013,email,conversion,2026-03-14 07:37:38
08ae16b1-913d-40f2-a27c-383e045e4966,campaign_abc,acc_020,email,impression,2026-03-16 18:33:20
7debaa06-a4c3-4780-8ded-12ee21e2abf3,campaign_ghi,acc_007,display,impression,2026-02-20 04:42:41
702fe460-f37e-473f-95c8-ece9a9c4fb48,campaign_ghi,acc_015,display,conversion,2026-01-10 00:29:39
37ff1ea0-ec14-4c8a-955e-9d10ff56facd,campaign_abc,acc_003,linkedin,impression,2026-01-17 11:56:04
09e4847c-2cf7-43ed-bd86-23a4a905171e,campaign_def,acc_012,display,impression,2026-03-11 22:19:39
6b02d23e-e144-4d09-a9ce-805f6a50b92d,campaign_abc,acc_018,display,conversion,2026-01-14 04:16:07
956dbc0d-0452-4226-ac59-b3baa5665a81,campaign_abc,acc_018,linkedin,impression,2026-03-19 06:45:21
0fa9966f-4266-4769-9c92-69d7ce2b97e7,campaign_def,acc_009,search,impression,2026-01-07 02:40:27
f292968a-ed22-4a54-9f61-159446055915,campaign_ghi,acc_002,email,impression,2026-01-17 20:16:10
44468dee-e460-4422-8894-203ac3355068,campaign_jkl,acc_018,search,impression,2026-01-15 02:56:44
9c8ecf3a-a34a-4436-90cb-4bdc65e37f98,campaign_def,acc_018,email,click,2026-03-16 17:09:27
0c13e703-47b5-473a-871a-04ea0f4eb755,campaign_def,acc_002,display,impression,2026-01-06 11:13:43
5f628f44-1f75-4224-916f-e8abf433702a,campaign_def,acc_004,display,click,2026-02-22 19:47:09
e482526f-1470-4932-b084-85eff49e8e7b,campaign_def,acc_006,linkedin,click,2026-01-04 05:47:59
6d25c6c6-66b4-407f-b815-9a1e7eb2f116,campaign_ghi,acc_014,linkedin,impression,2026-03-31 03:24:55
5c5c046b-adf4-4c5c-afb6-03d37bd8a7b2,campaign_abc,acc_016,linkedin,impression,2026-02-28 11:19:52
cccac9ce-e104-46b5-9b0e-ce69b07f03c7,campaign_def,acc_008,email,impression,2026-02-21 10:17:55
3786011f-f319-477a-aaf2-24b5405c6b3a,campaign_abc,acc_009,display,impression,2026-02-21 21:53:34
f713d8b1-d1f7-40ef-b013-371553bb81af,campaign_ghi,acc_001,email,click,2026-02-03 05:37:16
843844e8-8a05-4214-9a34-dac891578078,campaign_abc,acc_004,search,impression,2026-02-10 13:38:32
a4450b3c-7573-4d22-a549-f6748c4dc17d,campaign_abc,acc_013,linkedin,impression,2026-02-25 00:33:59
965544b7-4604-4942-8690-9a3796b16cf3,campaign_def,acc_012,search,impression,2026-03-27 10:39:20
554ef0c2-7424-442c-a2df-b322f232c9ea,campaign_abc,acc_010,display,impression,2026-02-11 12:44:18
049bf005-c61b-463c-baad-6f2020838e6b,campaign_def,acc_007,search,impression,2026-02-18 21:47:57
f8b09dd5-34ee-4a44-bdf3-30c0278bbccf,campaign_def,acc_020,display,impression,2026-01-01 09:18:13
b1d3a92c-bb4e-40fc-a1ed-d9c4a3c80e57,campaign_jkl,acc_019,display,impression,2026-02-26 21:13:32
a548a0aa-feac-4852-82f1-5be8c5874ab3,campaign_jkl,acc_006,email,impression,2026-03-26 20:39:21
97d93139-5bc1-48e1-a6fc-bc7b05912519,campaign_abc,acc_008,display,impression,2026-01-26 04:01:02
7e2fe561-e0c5-4f66-8881-ee190e7e46a4,campaign_def,acc_016,email,impression,2026-03-22 18:12:45
2cb33535-281c-4713-9bf6-b3ce20ffbc98,campaign_jkl,acc_016,search,impression,2026-03-25 22:00:57
56f24e21-9be1-4e51-afbd-f06a84431976,campaign_abc,acc_014,linkedin,impression,2026-03-31 16:29:03
93ea29f4-a867-495e-8297-7bad83559a5e,campaign_def,acc_004,search,impression,2026-03-01 21:33:35
8a7df23e-34cc-4d95-9422-e6af0b837687,campaign_ghi,acc_015,search,click,2026-03-12 14:57:10
2a52e0c6-b81a-42a5-ad57-d0d3a69525b4,campaign_jkl,acc_015,display,click,2026-03-23 08:49:49
188e7bab-82c0-48a6-94cb-adfea9d92d5f,campaign_jkl,acc_008,display,impression,2026-02-06 07:17:21
dbcb08a6-83cc-41ac-85ec-852d4fad712b,campaign_ghi,acc_018,email,impression,2026-01-30 12:44:09
6933849a-47f8-4d85-834c-5ed067033e7f,campaign_def,acc_003,search,impression,2026-03-11 14:26:03
3dc60908-26a1-484c-baf7-83a8562dcc3e,campaign_def,acc_014,search,click,2026-03-16 22:01:54
1152a8d8-d93f-4608-8c1e-825b545b2e60,campaign_jkl,acc_016,email,conversion,2026-02-08 12:54:57
d4547510-b432-47e7-ad0b-e31b3d9d6235,campaign_jkl,acc_018,linkedin,impression,2026-02-04 13:31:01
133a66dc-c764-46dd-98ee-991b5116dda3,campaign_jkl,acc_011,search,click,2026-03-01 04:39:34
9fe0f1f3-84d6-4f39-afcc-2a5c44135f57,campaign_abc,acc_013,email,impression,2026-02-24 04:55:29
10d45b46-ca21-49d4-8d2e-c50daa482abd,campaign_def,acc_002,display,impression,2026-01-28 14:20:21
315df355-1ef9-4b79-a708-058d37875da7,campaign_jkl,acc_009,search,impression,2026-01-11 15:01:47
d121b2fe-3f1e-4e1a-834a-3ec674bfb508,campaign_abc,acc_012,linkedin,impression,2026-03-25 01:48:01
d6152bea-1de2-422d-8a0b-83c3667715be,campaign_def,acc_007,email,impression,2026-01-31 04:30:42
4f01a795-b684-4901-b48a-6d3f7792b22f,campaign_abc,acc_019,linkedin,impression,2026-02-02 11:10:38
ef9d1d65-3f68-46c6-aa0a-56d666bc8748,campaign_abc,acc_006,display,impression,2026-01-04 09:36:43
ac95b5d7-0b11-472f-9713-ffc0aef3f9e1,campaign_jkl,acc_013,linkedin,impression,2026-03-30 20:15:06
46005038-77c9-4d53-bc07-bd15b0abcfd7,campaign_ghi,acc_020,email,click,2026-03-14 01:22:34
53246391-6bc1-4a7d-9b24-85fb06e80307,campaign_jkl,acc_012,email,impression,2026-02-13 00:54:26
ae2c6f61-7d9f-4ebe-a452-dc9dde3d6ceb,campaign_jkl,acc_004,search,conversion,2026-03-23 14:45:09
41ea9abd-0c9d-493f-bc20-7fbd55bfbb91,campaign_jkl,acc_006,display,impression,2026-03-10 15:29:27
7698e698-4b74-4a4d-b61e-68d2f99895ff,campaign_ghi,acc_011,linkedin,click,2026-01-12 08:56:28
6fb8343b-2191-4d83-bf22-5b9c716e333b,campaign_def,acc_015,search,impression,2026-03-05 10:11:31
80e7ac7b-2572-4aa6-a06b-b52387000417,campaign_def,acc_012,display,impression,2026-03-18 22:56:17
0ce71320-e2d6-4b18-9440-75ed7cefe2a6,campaign_abc,acc_017,linkedin,impression,2026-02-22 15:35:48
9ce48da6-3b55-4f95-baa9-789579a831d4,campaign_def,acc_016,search,impression,2026-01-03 02:18:14
ae1639e8-2416-48e6-ad79-7c15bdf8e97f,campaign_jkl,acc_008,display,impression,2026-02-17 15:35:33
d85e951f-1be4-49f0-b215-eda21e2fa631,campaign_ghi,acc_014,display,impression,2026-02-28 08:19:16
73aafc0e-ef4b-4f97-a7aa-d93d91424123,campaign_def,acc_004,linkedin,impression,2026-03-10 22:11:12
1a1c87e7-ec8c-4a02-92c6-ddb8a5992cf3,campaign_def,acc_016,display,click,2026-03-09 19:18:06
938349f8-0ea7-4b10-8ef3-50a907f4c911,campaign_def,acc_010,linkedin,impression,2026-02-08 00:45:34
2e5d7ac0-5f3d-40c8-a155-6d45f6f44cff,campaign_def,acc_009,email,conversion,2026-03-12 09:44:08
a781a23e-5eb1-43b4-8ff5-57ef98723276,campaign_jkl,acc_004,email,impression,2026-03-02 15:28:21
9ae37e2a-8e57-41e9-87e7-995db8ed2cfd,campaign_def,acc_002,display,conversion,2026-03-03 03:52:04
9b4ef41b-d50f-45be-a6f7-98a72c5dd15d,campaign_jkl,acc_016,email,impression,2026-03-29 01:09:09
6e035dd0-dc76-4342-9ed1-316307f68ff5,campaign_ghi,acc_003,linkedin,impression,2026-02-23 19:38:50
5f7d688c-2f99-48a4-aad9-c117d0683c25,campaign_def,acc_017,search,impression,2026-02-26 09:55:37
9b1af4f8-c03a-4093-96f8-93852aa193ad,campaign_jkl,acc_010,email,impression,2026-01-13 06:40:13
afba4cdb-c0ef-4a94-97bc-49ec329da7a5,campaign_ghi,acc_003,linkedin,impression,2026-03-12 02:10:00
a69a2912-290e-4f39-88a7-473197b74731,campaign_jkl,acc_015,search,impression,2026-01-30 09:45:18
a5e658fd-061a-4918-8e64-3c2c34edcf25,campaign_jkl,acc_003,linkedin,conversion,2026-03-22 18:42:51
409cfa9c-587d-4187-9c19-90e2aeeb54c7,campaign_def,acc_014,email,impression,2026-03-24 04:58:17
d280dfa9-d395-4a18-b1ee-6a9182319b1b,campaign_def,acc_003,email,impression,2026-02-09 19:47:52
d1ba775b-02b6-412f-a9c7-406c52fbc1b2,campaign_ghi,acc_015,email,impression,2026-02-08 22:25:17
823a0e7a-085e-48f8-9535-5e8455d2b9b3,campaign_jkl,acc_015,email,impression,2026-02-25 23:20:38
b454cf67-11f5-476c-967b-c35cf1e18c91,campaign_ghi,acc_001,email,impression,2026-03-28 18:37:01
7ba96b59-b0ea-44e3-9ac0-d6b4a9d4a1a7,campaign_ghi,acc_019,email,click,2026-01-23 15:33:41
e3450da1-7f44-401f-ba5c-847c30382b6c,campaign_jkl,acc_009,linkedin,conversion,2026-02-25 20:52:31
c128fdf1-360c-40fe-ae1d-d8f5d489bb40,campaign_abc,acc_016,display,impression,2026-02-11 21:06:54
bedc8922-11b8-4e3a-9329-c71b642a7abe,campaign_def,acc_011,search,impression,2026-02-06 21:25:52
09a21b17-29c4-454e-8618-8095576353a9,campaign_abc,acc_015,email,impression,2026-02-11 03:49:25
2b89dd44-540f-4425-ae5d-822593971541,campaign_abc,acc_018,search,impression,2026-01-25 16:23:39
ab1a7e29-86af-4555-8fa2-754c0dfa3d57,campaign_jkl,acc_015,email,impression,2026-03-12 04:59:18
95517590-1601-4e3b-a41d-abd0e0c588e4,campaign_jkl,acc_016,email,impression,2026-03-22 19:51:15
6530c7e7-4dee-41a6-aa36-bbd1f2db5830,campaign_def,acc_010,email,impression,2026-01-12 07:53:58
116bebc9-0fae-4d95-b70d-6a1a9fe3f1fb,campaign_abc,acc_015,email,impression,2026-01-20 15:59:45
8f2801f5-ef3a-46ca-9299-e8e2ba93fbc8,campaign_ghi,acc_017,display,impression,2026-03-03 15:15:29
4d340f82-d1ff-43e4-969b-7d04cfbc89d0,campaign_def,acc_013,linkedin,conversion,2026-03-07 23:56:08
97d81e3d-99e0-4507-a1b4-779fb5b5ecca,campaign_abc,acc_009,search,impression,2026-03-06 08:52:00
9e828a16-be97-4453-a7c6-d06e75e560b9,campaign_ghi,acc_010,search,click,2026-02-27 17:30:22
84037051-bd11-4f3e-9f1e-6bb1a834a710,campaign_ghi,acc_018,search,impression,2026-02-11 06:44:15
63ef820a-8fd2-43ec-99a0-157e421cf059,campaign_jkl,acc_008,search,impression,2026-03-02 22:58:51
b313f846-0406-413c-b469-4ab95088b5a6,campaign_jkl,acc_013,linkedin,impression,2026-01-05 04:32:37
01e3a4e4-39a9-469e-add2-65532df73bb6,campaign_ghi,acc_004,search,impression,2026-02-28 00:46:09
8c9322d4-4595-4cfe-8ca3-055859ccde02,campaign_jkl,acc_005,email,impression,2026-02-03 10:39:44
0b202242-75e8-44e8-a9f8-e8facb070e13,campaign_jkl,acc_003,display,click,2026-03-10 12:20:40
8d7eecb4-3e82-4722-8da5-6b8a15d71c91,campaign_jkl,acc_018,email,impression,2026-01-31 20:43:58
d0650fcf-3cd7-4e69-93a5-3bfc55f9e08b,campaign_ghi,acc_008,email,impression,2026-01-13 20:45:55
3a2ad702-27f0-4a0b-b8db-eb87d9042e38,campaign_abc,acc_015,linkedin,impression,2026-01-04 01:20:50
23074c77-a6cc-45aa-b7fa-c19c88251a26,campaign_abc,acc_010,display,impression,2026-01-19 07:33:26
e359cb5f-bf0c-4567-936f-c55201290733,campaign_def,acc_006,linkedin,impression,2026-02-18 19:43:15
2f3d59ec-158a-459b-b67d-bff75a5e2ba8,campaign_jkl,acc_019,linkedin,impression,2026-03-23 08:29:16
649fbd43-4882-4ead-ae7a-cb119d2f49a4,campaign_abc,acc_015,display,impression,2026-01-21 02:28:22
4c593710-6dfd-4dc3-a255-fe32326e67f6,campaign_ghi,acc_014,display,impression,2026-02-08 06:24:54
1d386a7b-c58b-4683-8767-7f9225f81616,campaign_jkl,acc_004,linkedin,impression,2026-02-15 18:18:44
b380a4f7-664f-455d-a1ad-b7872627525b,campaign_ghi,acc_001,search,impression,2026-03-14 21:49:47
514cdd63-dcff-4334-b1e0-f2b7fc059cde,campaign_abc,acc_020,search,click,2026-02-06 07:38:51
8b9e76c4-dc47-4763-a8b9-d6045ffc79b3,campaign_ghi,acc_008,linkedin,impression,2026-03-28 23:49:42
f134b851-156b-44b1-b38b-e4ce665964d1,campaign_def,acc_004,email,impression,2026-02-26 01:37:23
969d701c-2b84-4541-9730-7e9d696c6fe0,campaign_def,acc_003,display,impression,2026-02-23 05:12:08
1be23991-5416-42c6-b550-083ccbd74dfd,campaign_ghi,acc_017,display,click,2026-02-02 15:51:18
3f3d633d-c0e4-4e7b-81c7-109ac0449005,campaign_ghi,acc_004,search,conversion,2026-01-19 07:55:43
20b65b60-1f81-47aa-a385-c43ab109d5b9,campaign_jkl,acc_018,display,impression,2026-02-20 00:16:34
83fb4a81-2450-45e1-85a0-fb8cf87a98d2,campaign_abc,acc_015,display,impression,2026-03-28 08:37:24
7125c085-4524-4563-8d3f-bb3684cc1659,campaign_ghi,acc_004,linkedin,impression,2026-03-21 17:20:58
92615351-ace9-4c74-af72-e459905fe003,campaign_def,acc_003,search,click,2026-02-08 20:26:07
e266e07f-698f-407d-95a3-9d487ad5cb60,campaign_def,acc_002,email,impression,2026-03-05 03:06:15
c49de892-9a32-4e9a-ad81-89e169f4e43e,campaign_def,acc_013,search,impression,2026-03-31 17:26:37
179e81d0-0cfe-483b-9d83-9b11e0700241,campaign_def,acc_014,email,click,2026-03-20 13:17:02
403fcd80-8417-466d-8169-ca04508c4210,campaign_ghi,acc_007,search,impression,2026-01-31 11:06:43
5fa29268-e8e0-4481-805c-54c08d328524,campaign_ghi,acc_018,display,impression,2026-02-05 06:07:54
90f9493d-df17-469a-bf27-52f09d712c58,campaign_jkl,acc_003,linkedin,impression,2026-03-18 00:03:50
383f5dfb-49d9-45b4-932e-f37be986261e,campaign_ghi,acc_008,linkedin,click,2026-01-27 02:53:48
ebf9bb71-71d2-48ae-8c7f-08a9bcd230cd,campaign_def,acc_019,linkedin,click,2026-01-30 10:49:09
17d49dac-01df-4b0f-abae-f3cd141120a5,campaign_abc,acc_009,linkedin,conversion,2026-03-11 08:51:11
c3208e29-e3c5-4886-a82c-14a1ae478f18,campaign_abc,acc_001,linkedin,impression,2026-01-31 18:20:01
e428bc94-3c10-479f-9f7e-ab3a4d28efe9,campaign_def,acc_009,email,impression,2026-02-23 16:07:47
cb0af916-4827-41e1-912a-10e4653b41bc,campaign_abc,acc_016,search,click,2026-03-07 18:06:28
57a39374-f33d-489f-8566-aed82175cdb4,campaign_def,acc_020,email,click,2026-03-26 16:19:29
b9555fd5-2d24-44a1-94ac-d4a25db1ac0f,campaign_abc,acc_002,search,click,2026-02-24 21:06:31
7a33ae0f-41a2-4691-a626-e47616f7e131,campaign_jkl,acc_003,email,impression,2026-01-19 02:08:17
2dc63654-46dc-4d6a-b896-6b34177d194b,campaign_ghi,acc_013,display,impression,2026-03-19 13:06:50
42912fb6-e371-479c-864b-721f4d148644,campaign_abc,acc_018,linkedin,impression,2026-01-30 13:21:52
2384a22d-9c48-4025-8851-d00be4c84552,campaign_jkl,acc_013,search,click,2026-02-10 13:20:42
61e17405-84a6-424d-be8e-597543730e0e,campaign_ghi,acc_012,linkedin,impression,2026-03-02 02:05:53
f7a18f93-750e-4a96-9bbf-bb6760757f75,campaign_abc,acc_003,search,impression,2026-02-17 04:35:03
ef0f2d73-b263-413a-8255-1ea014976e08,campaign_ghi,acc_004,search,impression,2026-03-27 13:55:58
a96e30cd-2656-497f-93cb-1c05ed8a09b8,campaign_abc,acc_010,display,impression,2026-03-15 16:13:09
4234f53a-d9f9-435e-9542-01d5b3ab2614,campaign_jkl,acc_008,email,impression,2026-03-13 11:07:48
cdec1db7-be22-43a9-b636-db62fb91d04a,campaign_ghi,acc_019,linkedin,click,2026-03-13 19:39:43
c6844803-cef7-412e-aa70-64b30d7334d8,campaign_abc,acc_020,display,impression,2026-02-04 22:48:19
9ce4bf78-f353-4379-91fa-c3c3105a409a,campaign_ghi,acc_012,email,impression,2026-01-19 18:42:25
38e77b41-6611-4143-bbcf-57416df6fd06,campaign_abc,acc_005,email,impression,2026-03-09 06:24:26
67dbd4af-4e7f-4a2c-83c0-acf8179e8248,campaign_jkl,acc_011,linkedin,impression,2026-02-11 18:38:05
ffb201df-0329-4a3c-9899-28390de53a24,campaign_abc,acc_005,linkedin,click,2026-01-07 21:05:17
f5256175-a031-4b27-93ef-7ecf05764fb2,campaign_jkl,acc_014,search,impression,2026-02-23 08:13:48
ea87d573-e50f-4906-a6d4-8f618b150fc1,campaign_abc,acc_012,search,impression,2026-03-28 21:37:31
14d3f3f5-5bbf-466f-a7f9-f984655f3c10,campaign_ghi,acc_002,linkedin,impression,2026-03-18 01:00:13
1a29ab1a-cd35-4897-9ef7-36abbe35e233,campaign_ghi,acc_007,linkedin,click,2026-02-07 10:07:00
112ebd21-a63a-46fb-a527-74138bcc0171,campaign_jkl,acc_014,linkedin,impression,2026-03-10 22:14:32
ccd56bb8-336e-4b61-b795-f72a8b9441d0,campaign_ghi,acc_003,search,click,2026-01-06 13:01:29
32fa82a0-12ed-4677-8f3b-05a4a4d933de,campaign_abc,acc_011,search,impression,2026-03-23 13:18:07
235fbf11-211c-45fc-8287-05eb385ff7ec,campaign_jkl,acc_001,display,impression,2026-03-21 14:53:44
763e3421-79bc-42dc-b4b6-c21a9e9aaff5,campaign_ghi,acc_003,search,click,2026-02-01 13:37:25
88847f84-e830-4aa6-894d-ed3bb851a660,campaign_abc,acc_013,display,click,2026-01-29 10:49:10
741b2204-71dd-49a2-b58e-17100158a54b,campaign_abc,acc_017,email,impression,2026-01-25 11:22:46
9f499c44-010d-4c39-b8ac-94eecb7f2075,campaign_def,acc_008,email,impression,2026-01-26 05:38:09
e425d1c6-226e-4ede-b63c-8fb491300f51,campaign_abc,acc_006,search,impression,2026-03-14 18:28:43
9760a35f-b9d8-4b76-8b0e-92a7e300a6ad,campaign_ghi,acc_011,linkedin,impression,2026-03-02 14:40:19
99a76dc7-c373-4f43-a276-e88a1446932d,campaign_ghi,acc_019,email,impression,2026-01-10 09:29:28
27d2649d-2623-4d5c-ab8b-d764d71769b5,campaign_abc,acc_002,display,click,2026-01-10 20:55:54
8f63c1fe-3ac5-4711-aed3-1d79ddcfa5ff,campaign_abc,acc_020,search,impression,2026-03-12 23:57:02
2fbb5190-59d1-427e-992b-a48d77bab735,campaign_jkl,acc_019,linkedin,impression,2026-03-02 16:09:03
650d6857-0d1b-48d4-8517-72bac371ea2a,campaign_jkl,acc_004,display,conversion,2026-01-11 16:41:11
2f7a2489-61c1-444a-b1f2-fec176518eb0,campaign_abc,acc_008,search,conversion,2026-03-09 16:39:10
65b12369-4c13-49fa-a19c-49d6fbc0d65a,campaign_ghi,acc_012,display,impression,2026-02-13 21:38:03
3ae32a1c-c64c-4509-ad88-45dfaa40628a,campaign_ghi,acc_003,display,impression,2026-03-28 12:18:16
2b92c551-535c-4dc0-be9c-0c749d40fd29,campaign_def,acc_011,email,impression,2026-01-19 11:19:41
6b5500b5-51bd-4e4e-9841-9a3e2fbfc15d,campaign_jkl,acc_005,email,impression,2026-02-18 20:50:21
cbfc6cf1-c054-433c-b615-a85dc3ba3c9b,campaign_def,acc_017,email,impression,2026-02-24 16:23:01
e3bd0a3c-8ed8-473c-970c-d61ddfa6a5ab,campaign_ghi,acc_010,linkedin,conversion,2026-02-13 15:12:14
6915de3d-d34f-4bd5-b49a-4e2bbe76a388,campaign_def,acc_005,email,impression,2026-01-13 16:49:34
aad103e4-9fb5-4ea8-bed3-3108e141ebbe,campaign_abc,acc_011,linkedin,impression,2026-01-20 05:11:53
5a72ece3-3103-4c3b-8289-14918a2ec8cd,campaign_def,acc_015,email,impression,2026-03-28 23:15:28
904f23a6-9a75-42b4-8c53-6ede6769cc63,campaign_ghi,acc_015,linkedin,impression,2026-02-09 15:57:53
046159d6-2448-467d-9cdc-45dac1780e4e,campaign_def,acc_012,search,impression,2026-02-06 12:32:33
2e8fc503-8b8b-48db-92fe-aca8580efb01,campaign_jkl,acc_006,linkedin,click,2026-01-18 08:03:41
53ad424e-1f35-441f-a5ef-87a3555586e1,campaign_jkl,acc_012,email,click,2026-03-08 03:18:05
5eefde58-cb20-4c67-9479-ada331ee9522,campaign_def,acc_009,search,click,2026-01-19 13:05:58
b36f3a97-e03c-4277-8718-3e95d714ad35,campaign_def,acc_015,display,conversion,2026-02-23 01:25:32
a16d1314-9bc5-4d99-8a4a-57c97ccd42c6,campaign_ghi,acc_008,search,conversion,2026-02-17 07:01:20
fd5c5925-52e5-410b-9cd9-e2bef72db922,campaign_abc,acc_011,linkedin,impression,2026-02-06 15:44:53
7e9ae534-29f2-45ce-a365-27556ea569cd,campaign_def,acc_016,search,impression,2026-01-11 00:16:13
92c8d670-b39b-4862-b17d-3bb20588b227,campaign_def,acc_018,search,impression,2026-02-06 07:19:07
b5d69637-643e-4fbf-a7fb-2bd0dd49920e,campaign_abc,acc_008,search,impression,2026-03-21 14:04:07
ac7667f7-cb42-4bc8-9381-f47a456543d5,campaign_jkl,acc_020,email,impression,2026-03-15 07:45:09
df202c59-9555-4ffe-9a7e-17f805caec8d,campaign_ghi,acc_014,email,impression,2026-01-31 18:26:11
4ca53b80-9859-4207-b903-741a2b9264e1,campaign_abc,acc_017,display,impression,2026-03-09 17:32:50
9bf81da4-425c-410c-bd7c-3214e059351b,campaign_abc,acc_013,search,impression,2026-02-19 11:16:47
a0293123-af2f-44b5-a3d0-0bb35816456a,campaign_abc,acc_012,email,impression,2026-03-26 20:06:49
e8f128e1-697d-4c31-8bb4-f13cbced378a,campaign_ghi,acc_005,email,impression,2026-02-13 20:11:53
70df14cc-81bc-44a5-8bd2-c761f909e800,campaign_jkl,acc_016,linkedin,click,2026-01-09 22:49:29
47fdd248-5d4c-4f29-8da7-0eaddc01e2e4,campaign_abc,acc_010,linkedin,impression,2026-01-26 01:20:59
acc05500-a160-493c-ae23-d0adb6caa61c,campaign_ghi,acc_017,search,conversion,2026-03-11 15:16:02
2520165e-956e-42a5-baf1-d00a69e7dc74,campaign_def,acc_010,display,click,2026-01-07 20:21:17
d8ee0923-091b-47d0-844a-24206ab864d3,campaign_abc,acc_012,search,click,2026-02-26 12:21:11
4106b20a-6069-42bb-919d-d38bb1b01683,campaign_jkl,acc_016,display,conversion,2026-03-08 08:51:05
bb89797d-3734-4357-a2bb-9f1281b720e3,campaign_jkl,acc_003,search,impression,2026-01-24 17:18:20
37b51b11-6069-4b39-bb98-3e622a5340d0,campaign_abc,acc_003,display,impression,2026-02-09 14:38:45
a12c6c76-6e3c-4609-bad7-f21c1c82f6f3,campaign_jkl,acc_006,search,impression,2026-01-06 23:55:58
e5f2acf2-957f-4f04-b54c-beee96dfa124,campaign_ghi,acc_020,search,impression,2026-01-08 02:42:40
d3c3b0be-2b18-43c2-a6b3-c3e2d0a77187,campaign_jkl,acc_012,linkedin,conversion,2026-01-19 19:43:50
bbd463ba-ab51-42a1-bee1-b7a6f88cbf91,campaign_jkl,acc_002,linkedin,impression,2026-03-24 11:23:24
924d7eb6-9286-401f-a1bd-bacfa7afb05d,campaign_abc,acc_020,linkedin,impression,2026-02-17 11:28:48
d3816086-d3ab-41f2-9d9d-35159e5fec3c,campaign_abc,acc_019,linkedin,impression,2026-02-20 10:41:17
2adb7610-0c7d-4c70-8ec2-bd41ff74189e,campaign_def,acc_004,email,click,2026-03-05 16:24:58
c14465b8-73d3-4930-85c5-abc1bd5dc6df,campaign_abc,acc_009,display,click,2026-01-28 19:18:44
398d7dba-5bec-4119-bd4c-b2063d191e0f,campaign_jkl,acc_007,email,impression,2026-01-10 14:11:57
ad93b559-0ba5-42e0-9135-6afe9cc63d00,campaign_jkl,acc_003,display,impression,2026-01-09 17:34:18
6804fad6-58f4-485f-a9b9-96d90010b7f7,campaign_ghi,acc_006,linkedin,click,2026-03-07 07:07:12
c361460f-75f5-405c-97ef-86cf541ee39c,campaign_def,acc_008,search,impression,2026-03-12 18:23:29
e2e1e14a-03b5-4872-85fc-a82f3781164c,campaign_def,acc_020,email,impression,2026-02-20 22:46:30
8fd3b842-f19c-4e9c-bb19-ef6588637e42,campaign_jkl,acc_014,email,impression,2026-02-10 20:04:28
a8da5b04-22b7-4689-a940-9fec5f10b73a,campaign_jkl,acc_017,display,impression,2026-03-12 20:37:11
4137e39e-4eb4-4ede-856d-7b5f64c473ab,campaign_def,acc_014,email,click,2026-03-08 04:19:10
de4c3632-66d1-43bb-856d-98e377474dcb,campaign_def,acc_011,linkedin,impression,2026-03-08 09:54:05
9a308626-4b4a-4e8f-91bd-e2777ea85fdb,campaign_ghi,acc_007,display,impression,2026-02-08 19:34:05
ef80b697-5538-4a4b-a626-34c49a9275a2,campaign_def,acc_019,linkedin,impression,2026-03-21 23:57:38
93308e71-3528-4585-9e49-3a18cd68866d,campaign_ghi,acc_019,email,click,2026-01-04 02:02:41
0def0e1d-9677-4666-a503-5dfa2e22e98b,campaign_ghi,acc_007,search,impression,2026-01-04 15:56:40
53e416be-24bf-495f-b0e4-aa08bd7814ca,campaign_ghi,acc_010,search,impression,2026-03-29 12:19:29
13aaff5a-c42d-41aa-bab9-addb2936e989,campaign_abc,acc_002,linkedin,impression,2026-03-03 14:13:21
7f5b94f3-ee23-43ce-9142-80d607dbb32a,campaign_def,acc_011,display,click,2026-02-14 12:08:48
794dfe2e-23ec-4f95-a13e-de7da150b151,campaign_ghi,acc_017,email,impression,2026-03-01 03:17:28
c65a791f-1fda-4059-a316-51e1eb672b79,campaign_def,acc_005,email,impression,2026-02-19 19:26:15
0de95fce-4fb5-4956-8a31-3291f5ce964c,campaign_def,acc_011,display,impression,2026-01-21 15:32:29
37649564-07c9-494e-a4f4-adb21f54ce62,campaign_jkl,acc_010,search,impression,2026-02-20 16:29:15
f8a77852-3f5d-4b73-b264-2c74fbf6a471,campaign_def,acc_019,display,impression,2026-02-06 15:38:56
2ba67fca-8a1d-4286-a21a-de5c70a3272f,campaign_jkl,acc_010,email,click,2026-02-25 04:56:16
27baaafb-2d03-474f-9151-14aa9b854838,campaign_ghi,acc_013,display,impression,2026-01-07 18:35:12
ddd196ac-8ba1-41d6-812d-76f041523f9e,campaign_ghi,acc_018,display,impression,2026-03-06 14:48:35
9d6e617f-2e9d-4d77-9b1a-89cea4f5fcd8,campaign_ghi,acc_020,email,impression,2026-01-13 12:23:50
7b3903d8-3833-41a6-9076-615137ae9e1a,campaign_ghi,acc_018,display,click,2026-01-26 19:32:25
035ecfa7-4c64-4045-aacd-6ef8fbe1c96c,campaign_abc,acc_002,email,impression,2026-02-12 15:33:29
14af8abe-ec03-47d9-aeca-298ad10d209f,campaign_def,acc_020,linkedin,impression,2026-03-20 10:10:25
0fcb546d-3245-46cd-adeb-b3c1212ca994,campaign_ghi,acc_019,display,impression,2026-03-07 17:31:45
176369bf-cb58-49a1-9902-2cb7646624de,campaign_ghi,acc_016,email,impression,2026-03-28 03:26:37
113e6bbe-9313-47b0-85fd-98f46b7ad393,campaign_ghi,acc_001,search,impression,2026-03-25 18:36:14
9f8ea69d-435d-4e34-b051-c6ec01202e52,campaign_abc,acc_019,search,impression,2026-03-22 23:39:49
ac90140c-22a1-47b9-beeb-b8a6e9d7f903,campaign_jkl,acc_005,linkedin,impression,2026-03-31 03:12:01
a264061d-bdb7-42e1-b873-f8f62a566b7d,campaign_jkl,acc_011,search,impression,2026-03-30 06:26:32
e14762f8-0ae7-4189-b6b5-905f78be20e9,campaign_jkl,acc_002,linkedin,impression,2026-03-13 10:42:30
29f980c9-d423-4421-99de-b07a2d54a523,campaign_jkl,acc_011,linkedin,impression,2026-03-10 10:34:22
66b71f2c-ffe0-4cbc-aa25-8941d0ef947c,campaign_ghi,acc_020,search,impression,2026-02-01 08:35:19
c9b0644c-f364-47d2-9c39-36aca397fc11,campaign_def,acc_010,display,click,2026-03-30 22:31:20
dbead010-8d81-46d7-b935-9e3cd2da9209,campaign_jkl,acc_012,display,impression,2026-03-15 21:34:24
ceb6aeea-31a3-4d90-a7e9-3691e740dce2,campaign_jkl,acc_012,linkedin,impression,2026-02-06 22:05:22
49a8c4e9-4d9f-41f1-8d40-08eb819eb221,campaign_jkl,acc_009,search,impression,2026-03-10 08:59:35
b15eadda-5858-4bdd-acf0-b73af3692354,campaign_ghi,acc_005,email,impression,2026-03-17 07:15:03
162bc044-73f1-4478-876b-a8a302a73cea,campaign_def,acc_008,email,impression,2026-02-12 22:30:06
bd1a28c7-6b3c-4671-9972-77ee58d501f6,campaign_def,acc_001,linkedin,impression,2026-03-02 15:41:12
6957e36b-db97-40db-8c90-2fb7ccd32aa7,campaign_ghi,acc_011,display,impression,2026-01-12 20:36:14
5b3061a8-c4f7-42e4-902c-ed6c55da1b75,campaign_abc,acc_006,search,click,2026-01-23 01:53:25
6d138b4b-663b-41ae-8581-bc18a3613c4d,campaign_jkl,acc_006,display,click,2026-01-02 09:36:38
a56cc3c3-f2d0-4f0a-899f-ab26f979e8de,campaign_abc,acc_011,display,impression,2026-03-24 17:33:31
f69d964f-ed8f-4f1a-8e09-6e1ad76fe513,campaign_def,acc_017,search,impression,2026-01-15 10:10:46
1eef36ce-e8ec-4447-955f-1282b9c54a0d,campaign_jkl,acc_009,linkedin,impression,2026-02-13 09:36:43
46cfd785-31e1-4761-9fff-0579b3ca11a7,campaign_def,acc_006,search,click,2026-03-07 10:05:25
61a65f79-4f9d-4c0b-95e5-c810c296a56a,campaign_abc,acc_006,linkedin,impression,2026-02-01 00:16:24
c42db81b-a1aa-4a82-98a3-651df2b44011,campaign_def,acc_015,display,conversion,2026-02-08 18:46:36
ebacbb4f-0643-4561-9596-0fc22597ae94,campaign_abc,acc_009,display,impression,2026-01-08 21:07:29
721e384d-93ed-4bcf-a1a2-c2dc314f5cb3,campaign_ghi,acc_006,search,impression,2026-02-09 22:07:40
bdb9896d-e8d9-46c6-8ec7-1edf6e0b2b1d,campaign_ghi,acc_012,linkedin,impression,2026-01-18 15:09:29
9a3a0b59-c541-4b95-8cd4-10869d06d4d9,campaign_ghi,acc_014,search,click,2026-03-27 06:48:15
83871f2b-1ccc-4e44-a923-20ff01cf6106,campaign_abc,acc_017,search,impression,2026-02-16 02:58:36
a4e42052-ac84-44d4-87b6-cf6ee2a6e649,campaign_abc,acc_002,linkedin,impression,2026-01-20 05:20:54
d633dd35-aafc-46a9-a40c-9bce554cf78d,campaign_jkl,acc_004,linkedin,click,2026-03-04 02:57:32
e5acec63-7b03-40fa-92c8-603a595982b2,campaign_jkl,acc_002,search,impression,2026-02-23 14:36:03
11af0eb0-fc8d-40aa-974e-1be4276dfe13,campaign_jkl,acc_010,email,impression,2026-01-01 23:13:37
9bdf3a0a-7690-4747-972c-52653d998f0e,campaign_abc,acc_002,search,impression,2026-01-09 17:03:59
81b330a4-dd5c-4aad-950f-7c0b64e46fcb,campaign_abc,acc_016,email,impression,2026-01-24 04:49:41
a67cf875-9f54-45ac-848a-3d7126497867,campaign_jkl,acc_012,search,impression,2026-02-18 12:05:43
3bc9b765-4bb9-414b-a7c1-8a7501b07a59,campaign_def,acc_012,email,impression,2026-03-10 12:33:08
3c021458-5b44-42a2-bdd0-b1e89335b286,campaign_def,acc_001,email,conversion,2026-03-01 21:46:34
5cb93378-fdb4-484a-876f-ccd73695c568,campaign_jkl,acc_018,search,click,2026-02-01 14:22:09
ee1fa9f2-91ce-4b04-afaf-8291b2de5365,campaign_ghi,acc_007,email,impression,2026-03-26 13:39:49
a976a415-88f4-4b72-a087-8789cf03e844,campaign_abc,acc_008,linkedin,impression,2026-03-18 01:28:38
54d10702-7a69-4462-ae2e-d4608b8fa5b8,campaign_abc,acc_008,email,impression,2026-01-30 17:13:48
164da823-5445-48c6-a69d-1397881aa2d7,campaign_abc,acc_005,display,impression,2026-03-15 10:36:38
1a113786-7a6c-4540-90a1-8df95135d543,campaign_ghi,acc_008,display,click,2026-03-26 16:14:26
876404e6-7ab6-455f-ac56-4f73e3e1e415,campaign_ghi,acc_009,email,impression,2026-03-17 23:58:11
5b1edb26-aa3d-4cec-b828-e0c54ea65ec7,campaign_jkl,acc_018,search,impression,2026-02-14 20:42:24
0914e120-a32d-4e02-9769-4c5247411ccc,campaign_ghi,acc_014,search,impression,2026-02-18 05:48:34
07147c1a-dd24-4799-87b6-8f473fc22fd0,campaign_jkl,acc_008,linkedin,impression,2026-01-19 14:58:03
802b40dd-4d76-4d42-88a7-84d03a9bb522,campaign_jkl,acc_014,linkedin,impression,2026-02-02 06:21:41
619ca8a1-3582-40ee-9005-ae24f7ec3677,campaign_abc,acc_015,display,impression,2026-01-25 01:17:24
c5fa8b16-0cc1-4478-8a26-6289dbb42527,campaign_abc,acc_003,linkedin,click,2026-03-17 23:42:35
5fe938ce-656a-4ce6-abf3-f82f1b34c1c1,campaign_def,acc_016,linkedin,click,2026-02-12 09:58:00
760a1c8a-4ae9-4144-9a7c-4de8bb74ca20,campaign_def,acc_007,email,click,2026-03-03 07:44:38
38dc326e-a3f7-478f-8fd8-95979849d957,campaign_def,acc_013,linkedin,impression,2026-02-06 12:29:34
c684a69a-8ae4-4ca2-b8bf-0424b81857bf,campaign_ghi,acc_010,display,impression,2026-03-05 14:06:51
2d793570-94db-43fc-ac4b-5eafff41a6a3,campaign_jkl,acc_011,linkedin,impression,2026-02-22 01:36:55
ab38b2aa-31d6-497c-8048-1c80b6252231,campaign_def,acc_005,email,impression,2026-03-16 18:46:26
780a2444-c1dd-4dc5-9856-a9d4886eab97,campaign_ghi,acc_005,linkedin,impression,2026-02-18 18:53:15
974c0971-b7f2-4473-9630-61852c19ae72,campaign_jkl,acc_018,display,impression,2026-03-04 23:41:47
a1130ed2-8c45-4800-9c0a-91b498068ee0,campaign_jkl,acc_015,linkedin,click,2026-02-15 05:08:46
a73fe945-f114-4329-b757-8782e9a9d2b1,campaign_jkl,acc_006,email,impression,2026-01-10 21:03:48
ae9e5779-618f-4697-82ac-10e823d1534c,campaign_abc,acc_014,linkedin,click,2026-01-30 02:45:09
29ffaa12-7268-4a1d-a1ed-53793b014ba6,campaign_abc,acc_007,search,impression,2026-03-21 20:42:59
6e51cc52-599a-4485-8647-91a1e5920a06,campaign_jkl,acc_016,email,impression,2026-03-12 13:00:01
90f64680-703f-4e54-b31f-11f3f203db62,campaign_ghi,acc_018,display,impression,2026-03-31 21:27:51
c7c816c8-11ff-4e72-a592-2e114da85744,campaign_def,acc_004,email,impression,2026-01-31 06:39:33
c64ce108-3d8f-407e-bad8-d6e217686b7d,campaign_ghi,acc_012,display,click,2026-01-11 11:25:29
19202e3b-04dd-47fc-b0da-65bee00ec573,campaign_def,acc_008,display,impression,2026-01-11 20:54:41
127b5d14-4fdb-4e64-9e22-98fea830bc56,campaign_abc,acc_003,search,impression,2026-03-12 15:03:40
41a7c3aa-d89a-4913-8ebc-2b119bb633e5,campaign_abc,acc_006,email,impression,2026-02-25 20:50:21
d9289276-204c-4895-9288-aace3180d66a,campaign_abc,acc_017,email,impression,2026-03-30 18:30:17
9dbb582f-dd65-4465-bb7c-975c44e940be,campaign_abc,acc_003,display,click,2026-03-14 21:02:11
3242d903-d649-4be0-b7ff-d0f1e0778ae5,campaign_ghi,acc_001,linkedin,impression,2026-02-20 02:19:10
8af0bc14-7a63-44cf-8017-07d77d722eeb,campaign_def,acc_019,search,impression,2026-03-11 10:24:48
79cf4e1e-1924-4b2f-b719-1e0f32c7e656,campaign_def,acc_003,display,impression,2026-02-25 07:53:04
6efb0805-4878-4fc0-90a0-8b216d7a6d3c,campaign_ghi,acc_020,search,conversion,2026-02-11 00:40:17
607f988e-5593-49f6-975b-292b621a3550,campaign_jkl,acc_016,linkedin,impression,2026-02-18 13:11:43
f783330b-eef8-465c-8b2f-5ff7bad05e2a,campaign_jkl,acc_003,display,click,2026-01-10 02:17:09
f39a0eb1-a49c-4536-9ed5-f932518c5893,campaign_jkl,acc_005,search,impression,2026-01-14 02:00:19
983f7a49-395a-49c0-9882-f95f3d47f030,campaign_jkl,acc_012,display,impression,2026-01-12 05:27:28
692b0900-6be2-4f71-81c9-e47eb43e8835,campaign_jkl,acc_004,email,impression,2026-03-12 02:38:38
dff526ce-ee68-4577-aa7e-7113d72db517,campaign_ghi,acc_013,email,impression,2026-02-19 02:46:57
4e74521c-22c2-4179-baad-5091dc9686dd,campaign_def,acc_019,linkedin,impression,2026-01-22 04:17:19
504eeaf5-89c3-4aba-bd47-af0a31aee4b0,campaign_ghi,acc_016,linkedin,impression,2026-02-25 08:26:19
0141abd6-6d7e-49b8-a874-a156b0832318,campaign_jkl,acc_003,display,impression,2026-02-01 23:40:31
67db66c5-7be8-4b90-8610-278793f66fc2,campaign_def,acc_015,email,impression,2026-01-01 12:21:53
fa2c0b54-eb51-4bfb-aa56-44100bb41492,campaign_jkl,acc_011,search,impression,2026-03-25 19:08:19
edfe4678-da60-4f58-ba41-a01806a2cd47,campaign_ghi,acc_020,linkedin,impression,2026-01-23 12:20:18
6d8b8507-da35-455f-9694-66cef9f782a3,campaign_jkl,acc_019,linkedin,impression,2026-02-05 12:23:07
34ef3700-2adb-4efe-b79b-5ff93de9f7a3,campaign_def,acc_019,linkedin,impression,2026-03-12 00:46:29
047868cf-2a11-4db6-aa7c-f72adaf70405,campaign_def,acc_015,display,click,2026-01-09 13:43:31
d3da0c0e-5faf-452d-97d4-979cb83d6e03,campaign_def,acc_010,linkedin,impression,2026-01-20 22:27:50
cc076ba3-aead-42af-ba0f-82808c3f4288,campaign_jkl,acc_003,search,conversion,2026-03-03 18:25:34
7ec463d4-5183-4d0b-b547-8c5d3accbcb7,campaign_jkl,acc_018,email,click,2026-02-16 22:57:51
0ecd172f-f584-48f7-9684-bb7631c442d9,campaign_abc,acc_004,linkedin,impression,2026-02-15 05:41:39
18e49864-dd54-4c45-b928-44cc6508d749,campaign_abc,acc_019,search,conversion,2026-02-12 13:06:00
fbf3269a-6a31-413e-a854-c5a6f7565137,campaign_abc,acc_009,linkedin,impression,2026-03-08 17:37:44
70e117bb-0d11-46b3-abf7-106985c75343,campaign_def,acc_015,display,impression,2026-03-28 18:44:32
e90627d5-a31d-437d-a371-552f30044d47,campaign_def,acc_012,email,impression,2026-02-07 13:58:05
411b064f-c1a0-46a0-9236-67dd594c419a,campaign_abc,acc_005,display,impression,2026-02-28 06:33:30
b2a7a2c5-b4b7-4348-9a4a-4108d939a966,campaign_ghi,acc_016,email,impression,2026-03-31 14:20:04
e4fa9e60-8500-409e-a943-8a655f18462e,campaign_ghi,acc_002,email,impression,2026-02-13 20:06:43
953ee3f5-0fbf-4f9c-9007-f9b41715759b,campaign_def,acc_008,linkedin,impression,2026-02-12 17:27:29
4e581c9b-bd77-4204-9b05-2083b5f30b71,campaign_def,acc_013,linkedin,impression,2026-03-26 13:25:01
3d8cbe1b-c639-451b-99af-2cc20ebb2d26,campaign_def,acc_015,search,impression,2026-01-28 06:17:48
0e070c92-9e66-48d3-824c-f9e6b715d966,campaign_abc,acc_019,email,click,2026-03-10 05:23:20
4b4f34eb-edfe-4709-b7a2-b4d8434e5f61,campaign_def,acc_015,email,impression,2026-03-04 16:40:20
5f22e5c5-ebf6-4378-9a58-799a3ddb304b,campaign_jkl,acc_020,search,impression,2026-02-14 11:54:29
feaeed25-b126-4077-9071-b68c2356e372,campaign_def,acc_010,email,impression,2026-02-10 03:15:19
0af12c89-92ca-4e73-b66c-169e739c8bdd,campaign_abc,acc_006,display,impression,2026-03-07 12:26:38
0b5b15f2-9202-4a0a-8bab-5d86df94c78a,campaign_def,acc_019,search,impression,2026-03-04 20:34:44
9ca5389d-c8d6-4373-bc8a-2bff0ece4a86,campaign_def,acc_018,linkedin,impression,2026-01-18 05:20:53
c246a5ad-14ec-48f7-b09c-6af72a893eed,campaign_jkl,acc_020,email,click,2026-01-02 15:08:12
5489e6d5-cf5e-4155-90f4-612cd07ba3b9,campaign_jkl,acc_018,search,impression,2026-03-04 13:45:53
a28589db-6eb8-4b79-80a1-4c8b71913bce,campaign_jkl,acc_016,linkedin,impression,2026-01-04 07:18:02
cf1cc590-da0c-4b15-a70b-060acf13aaa8,campaign_ghi,acc_008,display,impression,2026-02-28 18:47:49
49e52403-241f-4867-b697-5b8fe528d699,campaign_jkl,acc_018,email,impression,2026-02-04 17:52:23
1e76597e-51aa-465c-bccd-e7bd546f0b21,campaign_abc,acc_015,linkedin,conversion,2026-01-14 23:53:41
851cac25-8881-4f61-853e-e6977b28723f,campaign_def,acc_010,email,impression,2026-02-14 02:28:55
7825e271-ff9a-45b9-88fe-36bc5e7e4c67,campaign_abc,acc_008,linkedin,click,2026-03-17 22:22:55
ea346788-b148-4e0a-bcd6-4d7f48db57cf,campaign_jkl,acc_006,linkedin,click,2026-01-27 01:36:22
55bc6789-c313-4e84-b722-74f2eadc4971,campaign_ghi,acc_020,linkedin,impression,2026-02-07 09:36:17
add7ac07-4e12-44ad-975d-5e85758759f3,campaign_abc,acc_005,search,click,2026-02-05 20:08:44
0db6ffcf-9ff8-42c8-b64a-b0a6dbab760b,campaign_def,acc_008,linkedin,click,2026-02-01 21:25:31
484585fa-ca33-413d-a400-398903adab0a,campaign_def,acc_019,display,impression,2026-02-18 14:04:40
4ac0ad70-58d3-4b11-a5cc-c37c96f33e54,campaign_abc,acc_013,display,impression,2026-02-17 14:31:20
407cf5f4-b46c-461e-86ce-d917adeeeb2f,campaign_abc,acc_003,search,impression,2026-03-31 11:54:04
e62246fd-1a57-40b3-b98f-e0bf810ff71d,campaign_jkl,acc_007,search,click,2026-03-05 08:20:53
81cc16b1-504e-4818-805b-4549e49d1abe,campaign_ghi,acc_011,linkedin,impression,2026-03-04 10:57:43
b2edabdf-5258-4aac-a817-a63aba1fee21,campaign_abc,acc_002,email,impression,2026-02-28 00:07:59
7f2d9e34-01a2-4c2c-997f-d8c3d5db0764,campaign_def,acc_015,search,impression,2026-02-24 06:44:58
55063f8d-b6b4-43ee-865b-30d5dd3424fa,campaign_def,acc_010,linkedin,click,2026-02-05 02:41:23
eb50065d-6407-4031-9cb2-2c37c1b9a5a9,campaign_ghi,acc_003,display,impression,2026-03-25 05:03:25
ff93a6a8-d0f1-43a9-9d59-21a5384a3536,campaign_ghi,acc_008,search,impression,2026-01-13 00:13:30
244242e7-9210-46b0-866a-44efc7249cdf,campaign_abc,acc_005,linkedin,impression,2026-02-26 00:00:44
bd73a711-b155-4ebd-9590-de4e3dea7426,campaign_ghi,acc_004,search,impression,2026-03-03 02:14:24
8b7de500-f78e-4e72-b872-85e9639780a9,campaign_abc,acc_004,email,impression,2026-02-08 04:24:49
87c655c7-db00-4e55-b4eb-e67e8ac10db5,campaign_def,acc_005,email,impression,2026-01-02 19:41:10
494d65c1-fc91-4593-bbae-4aae1e1454bc,campaign_jkl,acc_012,linkedin,impression,2026-01-20 13:39:43
60ceab0a-77a2-42e3-a396-d4df33b443be,campaign_jkl,acc_007,email,click,2026-01-18 03:37:46
6fba3a90-deae-4bf8-8bca-0423b354b4b5,campaign_jkl,acc_012,search,impression,2026-01-18 07:17:41
c51b861b-7982-4bd6-b67a-b94670fb106d,campaign_abc,acc_008,display,click,2026-03-30 00:54:54
cf25a7dc-d5a9-4778-aeae-6e0bd4cbe55a,campaign_ghi,acc_007,linkedin,click,2026-02-07 20:03:50
c563aac1-50e5-4cf4-9b23-56939495b391,campaign_def,acc_016,search,impression,2026-03-05 20:38:04
82ed800a-181f-4e7d-aaf3-f9ec467a8a26,campaign_abc,acc_012,display,impression,2026-03-14 13:23:34
0bf9db20-6e07-4621-95ff-4abc6e2ee2d1,campaign_def,acc_016,email,impression,2026-01-09 00:16:13
450f55e5-3120-488c-94bf-464b239bd594,campaign_abc,acc_002,search,impression,2026-03-22 22:32:49
1d7c8be2-bae6-4bc4-98e6-0f91afaa5abf,campaign_jkl,acc_014,search,impression,2026-03-10 17:39:09
899dac8f-296f-458d-b0d7-f6300d6d9696,campaign_ghi,acc_003,display,impression,2026-01-27 04:34:20
5c01f385-4eb7-4fe0-9670-44f0b96097ed,campaign_jkl,acc_019,email,impression,2026-02-25 23:54:15
9c94a229-e3e1-497b-8458-6d600831bcd7,campaign_abc,acc_008,email,conversion,2026-01-15 14:39:38
3e3e50bb-5f15-4e53-a9ef-7267fc4a56a6,campaign_abc,acc_010,linkedin,impression,2026-01-18 22:00:10
eaa9247e-bd00-4752-9868-64af0fb9d979,campaign_jkl,acc_012,display,impression,2026-01-17 23:49:55
f6672817-a4ad-4eb3-8564-8cfa5d3ca5cb,campaign_ghi,acc_004,email,impression,2026-02-24 08:33:04
3f57577f-0f47-46db-8313-6d6a8bf1b650,campaign_ghi,acc_019,email,impression,2026-03-07 11:03:31
ead18388-571e-4297-8421-c46dd51efb32,campaign_def,acc_012,linkedin,impression,2026-01-14 18:43:46
33caaf2f-cc10-4026-80ea-09c6cabaf31d,campaign_abc,acc_008,email,impression,2026-01-02 07:02:30
a7cc2181-a30e-4b4f-8275-623a93f29c68,campaign_ghi,acc_013,linkedin,impression,2026-01-05 17:51:58
0b990c79-393c-49ee-88fc-0b3f7877c4db,campaign_jkl,acc_008,display,impression,2026-02-10 08:52:04
39b20ce1-3323-44c7-b550-82dea2199bfe,campaign_ghi,acc_004,email,impression,2026-03-08 01:25:04
3ea2d992-1c80-4bbe-9441-8c71fbf32dd2,campaign_jkl,acc_010,display,impression,2026-03-12 14:00:23
0747ae74-9ada-417a-889a-def90cd35540,campaign_def,acc_010,display,click,2026-02-01 14:23:37
51dd8f86-8a5b-4ca7-a73c-a084db958fa3,campaign_jkl,acc_007,linkedin,impression,2026-02-22 00:14:34
c562d868-e901-4795-b4c0-ee7cb9c9ba58,campaign_ghi,acc_001,display,impression,2026-03-26 12:54:47
4ebe1b45-207c-4dbd-aba9-40275a7c876a,campaign_ghi,acc_004,linkedin,impression,2026-01-31 13:31:03
f71a8f07-fc72-474c-907c-1d6232221460,campaign_def,acc_009,email,impression,2026-01-30 16:26:44
af99557d-f1cd-43d1-9917-831028f9c8b1,campaign_ghi,acc_015,email,impression,2026-03-06 04:40:52
a566c5a5-8496-441c-b26e-f6a9b3965919,campaign_jkl,acc_003,email,impression,2026-01-17 07:18:16
fdef3679-197b-492b-aa00-d95c81c9950d,campaign_ghi,acc_013,display,impression,2026-02-04 07:04:12
5356fc1f-521d-4c32-992a-ec8f500a5b52,campaign_def,acc_019,email,impression,2026-01-22 14:29:20
84fbc32d-b5da-4442-a651-99bfd7934e44,campaign_jkl,acc_004,display,conversion,2026-01-27 14:19:29
01093760-bb41-4ad7-8b4c-3a45b2d68bf7,campaign_ghi,acc_004,email,impression,2026-03-29 09:52:45
950306d1-cd34-452f-a5a6-ac7de2ff4aa2,campaign_abc,acc_007,display,impression,2026-02-01 11:25:32
e16330c9-46eb-41d6-be41-7b8fb10cdeb9,campaign_abc,acc_010,display,click,2026-01-23 00:25:54
82625a0a-969c-468f-aed9-c32186f6e978,campaign_jkl,acc_018,linkedin,impression,2026-01-14 04:07:00
af36c498-8658-423b-bfe6-333bfa50ec7a,campaign_abc,acc_008,linkedin,impression,2026-02-21 11:43:40
62132f7b-8d7d-4996-9303-ab96d9c170fd,campaign_abc,acc_019,display,click,2026-01-10 00:04:12
5d368b63-c097-4154-81a0-c9fe69392613,campaign_jkl,acc_005,email,click,2026-02-12 03:02:29
5523c1c7-aa0d-4bee-bf6b-001bbc362d71,campaign_abc,acc_006,search,click,2026-02-20 15:01:24
b25c7743-e118-4452-8706-f0f82e87f33a,campaign_jkl,acc_006,display,impression,2026-01-24 08:17:28
d62bd0ca-0c52-4078-8f47-ee775778aa54,campaign_def,acc_002,linkedin,impression,2026-03-05 13:56:35
7eabf8d9-6fe0-422f-84c0-3b9e78b6ca07,campaign_jkl,acc_002,email,impression,2026-01-18 13:12:41
e2a26328-16e8-40b7-ad39-094ebc82b742,campaign_def,acc_018,email,conversion,2026-02-15 15:34:50
500db425-1581-4f4e-8bfb-52cfaf77b4d0,campaign_jkl,acc_012,display,impression,2026-01-24 00:20:38
4ede293e-2420-4a9f-be79-6c1bea5a691b,campaign_def,acc_001,display,impression,2026-03-02 16:22:49
18a1c265-c77e-4aaa-b0f0-0615f485d287,campaign_def,acc_006,email,impression,2026-01-31 08:34:52
f1089d5a-7a28-45a1-b0bb-4e4c7417ab9e,campaign_abc,acc_008,search,impression,2026-01-23 05:15:37
f940386c-2918-466a-bec5-398eed2f9b29,campaign_ghi,acc_012,email,click,2026-02-15 18:36:09
dc8dc792-389b-4d76-b89f-b20847ee214a,campaign_def,acc_016,display,impression,2026-01-05 02:03:14
9905adb7-afdd-4275-ae97-60910e8aeee2,campaign_def,acc_001,search,impression,2026-03-20 06:51:08
a7db0f80-7e4a-49f5-ab16-ee1350c89074,campaign_ghi,acc_006,display,impression,2026-01-19 18:45:58
adb39478-d3b9-4ab3-88db-3447035b8393,campaign_def,acc_004,display,conversion,2026-02-17 22:42:25
bb4a0759-989f-46b1-8d35-25e859297faa,campaign_abc,acc_011,display,impression,2026-01-21 23:27:50
a0ca11c9-79b6-4823-8264-2540145899c8,campaign_jkl,acc_011,linkedin,click,2026-03-13 22:56:59
299c3214-4f9a-47e1-8cd9-d32ea272be4d,campaign_ghi,acc_008,linkedin,impression,2026-03-30 09:08:11
c5790215-fa43-48ce-8919-20c147855874,campaign_abc,acc_019,search,click,2026-03-14 01:11:38
e6b41b8a-bb17-4b8a-ba83-b07af8cf2458,campaign_ghi,acc_020,linkedin,impression,2026-01-14 15:09:21
d765e4d2-01e1-4527-be36-3bc9626c4a7c,campaign_abc,acc_008,display,conversion,2026-01-22 20:56:05
b7e9c749-ae40-4097-b9a8-2e9554a15fc0,campaign_ghi,acc_015,email,impression,2026-02-01 22:04:22
3bdbe6d7-0c2b-4c53-b0a0-70d6d87558e6,campaign_ghi,acc_004,email,impression,2026-02-26 23:26:10
eccaa97d-7a35-4729-8c35-df19e33465b9,campaign_jkl,acc_016,search,impression,2026-02-18 03:53:30
55f107f7-cd39-4071-bec4-eebf3044410a,campaign_def,acc_006,search,impression,2026-01-05 09:01:20
8f058311-9bdf-41af-ad6e-fd64bc560041,campaign_ghi,acc_004,email,impression,2026-02-18 05:46:04
4f50dd73-f879-4727-8e25-12e196468f49,campaign_abc,acc_011,search,click,2026-02-25 20:10:38
87f0cbd5-80b8-432d-8d3f-9601dfb31467,campaign_jkl,acc_006,email,impression,2026-01-27 06:26:44
21363ad3-e0e8-458e-aa69-236a1aaea16c,campaign_ghi,acc_010,display,impression,2026-01-07 12:36:35
6b199a59-48b8-4ee8-8fa7-3f1ddc68075e,campaign_jkl,acc_005,email,impression,2026-02-24 02:18:52
9818435e-551e-49e2-8ec5-cb9a9c086bb1,campaign_jkl,acc_007,email,impression,2026-01-22 20:18:05
d0cff15f-f49a-4125-a05f-ad85ee1bb155,campaign_jkl,acc_004,display,click,2026-03-02 15:57:42
922e5355-6301-4ff6-a747-f35c8b7519da,campaign_ghi,acc_003,search,impression,2026-02-18 11:11:28
000f243a-cbe3-4017-ad66-6515566f3224,campaign_abc,acc_009,search,impression,2026-01-29 08:36:03
8f8a53a0-95a6-4d3b-8274-48467a09e51d,campaign_def,acc_004,email,impression,2026-03-11 13:48:37
1b0c84f8-4f1a-4f74-8e16-ca7b58340611,campaign_def,acc_018,email,click,2026-03-08 13:34:43
cefdf525-6409-456c-a1b1-370d9d362c36,campaign_jkl,acc_019,linkedin,impression,2026-01-11 12:57:54
d3a5b95e-23ed-4efb-b5fe-daf4ab945c81,campaign_abc,acc_017,linkedin,impression,2026-02-27 05:10:13
53bf0d66-0d7c-416d-b32b-b9c49b1ee44a,campaign_def,acc_005,email,impression,2026-03-29 13:12:52
65cfbcdb-1749-4776-84a2-604c4ed22dc1,campaign_def,acc_020,display,impression,2026-01-09 02:24:35
f85911fc-3781-40af-ac56-eed72a6509f3,campaign_jkl,acc_018,display,click,2026-03-08 14:58:55
7ec81740-e6be-451f-be68-565479f02c55,campaign_abc,acc_020,search,impression,2026-01-20 04:36:37
c4a778fe-b620-408e-b106-6ba7a100c735,campaign_abc,acc_004,email,click,2026-03-10 11:56:26
ea8e3fb0-13e6-4641-9723-b9877267535a,campaign_ghi,acc_013,search,impression,2026-03-02 01:11:17
d5f637a8-e8cd-4654-8508-9218703d20a0,campaign_jkl,acc_005,search,impression,2026-02-12 22:15:03
a7866943-47d1-4167-8b5a-94e90de534b8,campaign_jkl,acc_009,display,impression,2026-02-08 09:17:53
c408a2ef-772f-43d6-ac2b-ab9cdb654905,campaign_jkl,acc_004,linkedin,impression,2026-02-26 10:17:46
